{
    "questions": [{
            "questionText": "Which of the following is not a Java Keyword",
            "options": [{
                    "text": "Integer",
                    "correct": true
                },
                {
                    "text": "try"
                },
                {
                    "text": "static"
                },
                {
                    "text": "new"
                }
            ]
        },
        {
            "questionText": "What is the size of float and double in java?",
            "options": [{
                    "text": "64 and 32"
                },
                {
                    "text": "64 and 64"
                },
                {
                    "text": "32 and 32"
                },
                {
                    "text": "32 and 64",
                    "correct": true
                }
            ]
        },
        {
            "questionText": "Select the valid statement?",
            "options": [{
                    "text": "char[] ch= new char(5)"
                },
                {
                    "text": "char[] ch= new char[5]",
                    "correct": true
                },
                {
                    "text": "char[] ch= new char()."
                },
                {
                    "text": "char[] ch= new char[]"
                }
            ]
        },
        {
            "questionText": "When an array is passed to a method, what does the method receive?",
            "options": [{
                    "text": "A copy of the Array"
                },
                {
                    "text": "The reference to the Array",
                    "correct": true
                },
                {
                    "text": "Length of the Array"
                },
                {
                    "text": "Copy of First Element"
                }
            ]
        },
        {
            "questionText": "Arrays in java are-",
            "options": [{
                    "text": "Objects",
                    "correct": true
                },
                {
                    "text": "Object References"
                },
                {
                    "text": "Primitive data type"
                },
                {
                    "text": "None"
                }
            ]
        },
        {
            "questionText": "Which is NOT an access modifier?",
            "options": [{
                    "text": "private"
                },
                {
                    "text": "protected"
                },
                {
                    "text": "public"
                },
                {
                    "text": "async",
                    "correct": true
                }
            ]
        },
        {
            "questionText": "When is the object created with new keyword?",
            "options": [{
                    "text": "At Compile"
                },
                {
                    "text": "At Run time",
                    "correct": true
                },
                {
                    "text": "Depends on Code"
                },
                {
                    "text": "None"
                }
            ]
        },
        {
            "questionText": " Identify the corrected definition of a package.",
            "options": [{
                    "text": "A package is a collection of classes and interface",
                    "correct": true
                },
                {
                    "text": "A Package i a collection of interface"
                },
                {
                    "text": "A package is a Collection of classes"
                },
                {
                    "text": "A package is a collection of editing tool"
                }
            ]
        },
        {
            "questionText": "Identify the keyword among the following that makes a variable belong to a class,rather than being defined for each instance of the class.?",
            "options": [{
                    "text": "static",
                    "correct": true
                },
                {
                    "text": "final"
                },
                {
                    "text": "volatile"
                },
                {
                    "text": "abstract"
                }
            ]
        }
    ]
}